001	ไอคอน
002	กำลังโหลดคอมโพเนนต์...
003	ป้ายกำกับ
004	ช่องป้อนข้อมูล
005	เมนู
006	คอนเทนเนอร์
007	อัปเดตอัตโนมัติ
008	ภาพสไลด์
009	เอฟเฟ็กต์
010	การตอบกลับ
011	แผนภูมิ
012	ปุ่ม
013	กำลังโหลด
014	การตั้งค่า
015	การนำทาง
016	การ์ด
017	เกิดข้อผิดพลาด
018	ดำเนินการสำเร็จ
019	ต้องตรวจสอบ
020	ข้อมูล
021	กำลังประมวลผล...
022	InfoBar
023	วงแหวนความคืบหน้า
024	แถบความคืบหน้า 60%
025	กำลังประมวลผล...
026	คุณสมบัติความคืบหน้า Toast สี่แบบ
027	กำลังดาวน์โหลด...
028	กำลังซิงค์...
029	อัปโหลด
030	วงแหวนความคืบหน้า 40%
031	กำลังอัปโหลด...
032	แถบความคืบหน้าแบบไม่กำหนดค่า
033	กำลังซิงค์ข้อมูล...
034	ประมวลผล
035	โปรดรอ...
036	โหมดความคืบหน้า InfoBar
037	คุณสมบัติความคืบหน้า InfoBar สี่แบบ
038	ซิงค์
039	วงแหวนความคืบหน้าแบบไม่กำหนดค่า
040	แถบความคืบหน้า
041	โหมดความคืบหน้า Toast
042	ดาวน์โหลด
043	กำลังดาวน์โหลดไฟล์...
044	เส้นทางตัวติดตั้ง DRY ไม่ถูกต้อง
045	การสาธิต DRY เสร็จสิ้น: จำลองการส่งต่อการติดตั้งแบบเงียบแล้ว; ไม่มีการดาวน์โหลดไฟล์และไม่ได้เปิดตัวติดตั้ง
046	DRY: กำลังจำลองการตรวจสอบอัปเดต...
047	DRY: การดาวน์โหลดจำลอง<SP>
048	- จำลองความคืบหน้าการดาวน์โหลดจาก 0% ถึง 100%<NL>
049	- จำลองการส่งต่อการติดตั้งแบบเงียบของ Inno Setup โดยไม่สร้างไฟล์หรือเปิดโปรแกรม
050	โหมด DRY จะไม่เปิดหน้าภายนอก
051	DRY: การดาวน์โหลดจำลองเสร็จสิ้น; กำลังส่งต่อการติดตั้ง
052	- แสดงกล่องยืนยันการอัปเดตจริง<NL>
053	การดาวน์โหลดจำลอง DRY กำลังดำเนินการ
054	DRY: กำลังเตรียมการดาวน์โหลดจำลอง
055	โทเค็นดาวน์โหลด DRY ไม่ถูกต้อง
056	DRY: ส่งต่อการติดตั้งไม่สำเร็จ
057	DRY: ส่งต่อการติดตั้งแบบสองสล็อตไม่สำเร็จ
058	DRY: เตรียมสองสล็อตเสร็จสิ้น; จะสลับอัตโนมัติในการเปิดครั้งถัดไป
059	DRY: กำลังเตรียมสล็อตที่ไม่ได้ใช้งานในเบื้องหลัง
060	DRY: พบเวอร์ชันจำลอง; รอการยืนยัน
061	กำลังดำเนินการสาธิต DRY
062	## อัปเดตสาธิต DRY<NL><NL>
063	, รอการยืนยัน
064	สาธิตการตรวจสอบ การยืนยัน ความคืบหน้าการดาวน์โหลด การเขียนไปยังสล็อตที่ไม่ได้ใช้งานในเบื้องหลัง และการสลับในการเปิดครั้งถัดไป; ระบบจะไม่เข้าถึงเครือข่าย สร้างไฟล์ หรือเปิดตัวติดตั้ง
065	Toast ด้านล่างขวา
066	2. ใช้ UpdateDialog จริงเพื่อแสดงบันทึกและยืนยัน “ดาวน์โหลดและติดตั้ง”
067	ใช้ Updater จริงที่ Gallery ส่งเข้ามาเพื่อตรวจสอบ Releases; โหมดนี้อาจเข้าถึงเครือข่ายและเปิดหน้ารีลีส
068	ตรวจพบล่าสุด:
069	3. แสดงความคืบหน้าการดาวน์โหลดแบบกำหนดค่าหรือไม่กำหนดค่าด้วย Toast หรือ ProgressDialog
070	ผู้ใช้จะเห็นกล่องโต้ตอบจริงและการตอบกลับความคืบหน้า แต่จะไม่มีผลข้างเคียงจากการติดตั้ง
071	โหมด Release จริง
072	การสาธิต DRY ดาวน์โหลดและติดตั้ง
073	เวอร์ชันปัจจุบัน:
074	โหมดสาธิต DRY (การจำลองที่ปลอดภัย)
075	ตรวจพบล่าสุด: ไม่มี
076	กระบวนการอัปเดต
077	กำลังจำลองการตรวจสอบ...
078	Gallery สาธิตโดยตรงว่าคอมโพเนนต์ส่วนหน้าใช้ประสาน Updater, UpdateDialog และตัวแสดงการตอบกลับที่เปลี่ยนได้อย่างไร
079	พบเวอร์ชันใหม่<SP>
080	เริ่มการสาธิต DRY
081	ยืนยันการดาวน์โหลดแล้ว<SP>
082	กำลังเตรียมในเบื้องหลัง...
083	1. ตรวจสอบ GitHub Releases และเปรียบเทียบกับเวอร์ชันปัจจุบัน
084	แหล่งที่มาของการสาธิต:
085	2. แสดงบันทึกรีลีสและกล่องยืนยันเมื่อพบเวอร์ชันใหม่
086	ตรวจสอบอัปเดต
087	ยังไม่ได้กำหนดค่า
088	4. ในโหมดสองสล็อต ให้แทนที่สล็อตที่ไม่ได้ใช้งานในเบื้องหลังและสลับเป็นเวอร์ชันใหม่ในการเปิดครั้งถัดไป
089	เป็นเวอร์ชันล่าสุดแล้ว<SP>
090	ที่เก็บโค้ด:
091	โหมดจริงใช้งานไม่ได้: Gallery ไม่ได้ส่ง appUpdater เข้ามา
092	โหมดจริง: ยังไม่ได้ตรวจสอบ
093	1. จำลองการตรวจสอบและส่งคืนเวอร์ชันสาธิต
094	3. ใช้ Toast หรือ ProgressDialog จริงเพื่อเพิ่มความคืบหน้าจำลองถึง 100%
095	ตรวจสอบไม่สำเร็จ:
096	โหมด DRY: รอเริ่มการสาธิต
097	4. จำลองการแทนที่สล็อตที่ไม่ได้ใช้งานในเบื้องหลังด้วย Inno Setup; ให้เวอร์ชันนี้ทำงานต่อและสลับในการเปิดครั้งถัดไป
098	ขั้นตอนอัปเดตจริงผ่าน GitHub Releases
099	DRY: พบเวอร์ชันจำลอง<SP>
100	โหมดจริงต้องอาศัย Release ที่มีไฟล์ติดตั้งสำหรับแพลตฟอร์มปัจจุบัน
101	กำลังตรวจสอบ...
102	ปุ่ม - การผสม ToolButton และคุณสมบัติ
103	แก้ไข
104	ข้อความเท่านั้น (Push)
105	ผสมกับป้ายจำนวน (Badge)
106	ปุ่ม - ปุ่มนับถอยหลังที่ผสมกับทุกสไตล์
107	การผสมสไตล์และคุณสมบัติ (indeterminate_ring)
108	ลบ
109	ปุ่ม - สไตล์ ToolButton (6)
110	การทำงาน B
111	การผสมสไตล์, Pill และ Dropdown/Split
112	ส่งรหัสยืนยัน
113	ไอคอนเท่านั้น → สไตล์ ToolButton; ข้อความหรือไอคอน + ข้อความ → สไตล์ PushButton
114	เมนู:
115	ปุ่ม - สไตล์ × รูปร่าง Pill × คุณสมบัติความคืบหน้า
116	ปุ่ม - รูปแบบ Filled: ไม่มีพื้นหลัง, ข้อความสีตามสถานะ
117	ตัวเลือก 2
118	ปุ่ม - รูปร่าง (2)
119	การผสมสไตล์, Pill และ Toggle
120	การทำงาน A
121	เลือกแล้ว:
122	คลิกปุ่มหลักของเมนูภายนอกแล้ว
123	คลิกปุ่มหลักแล้ว
124	ตัวเลือก 3
125	การผสมสไตล์และคุณสมบัติ (progress_bar)
126	ปุ่ม - ระดับสถานะ Filled (6)
127	คุณสมบัติ
128	ตัวเลือก 1
129	การผสมสไตล์และรูปร่าง
130	ปุ่ม - ตรวจหาชนิดอัตโนมัติ
131	การผสมสไตล์และคุณสมบัติ (indeterminate_bar)
132	ปุ่ม - คุณสมบัติ (9)
133	ปุ่ม - สไตล์ × รูปร่าง Pill × คุณสมบัติ dropdown/split
134	การทำงานภายนอก 2
135	การผสมสไตล์และคุณสมบัติ (toggle)
136	ปุ่ม - ระดับสถานะ Text (6)
137	ไอคอน + ข้อความ (Push)
138	การผสมสไตล์และคุณสมบัติ (split)
139	เมนูภายนอก
140	การผสมสไตล์และคุณสมบัติ (countdown)
141	การผสมสไตล์และคุณสมบัติ (progress_ring)
142	ไอคอนเท่านั้น + คุณสมบัติ
143	การทำงานภายนอก 1
144	ปุ่ม - 7 สไตล์ × รูปร่าง Pill × คุณสมบัติ toggle
145	ปุ่มที่มีเฉพาะไอคอนจะถูกตรวจหาเป็น ToolButton อัตโนมัติ
146	การผสมสไตล์และคุณสมบัติ (dropdown)
147	ปุ่ม - สไตล์ (6)
148	ไอคอนเท่านั้น (Tool)
149	การผสมรูปร่าง (pill) และคุณสมบัติ
150	การผสมสไตล์, Pill และ Progress
151	ไม่มีเอฟเฟ็กต์เมื่อชี้
152	การ์ดเมื่อชี้
153	การ์ดพิเศษ
154	เปลี่ยนสีเมื่อชี้โดยไม่ยกขึ้น
155	คลิกเพื่อขยาย
156	เนื้อหาที่ขยายแล้ว
157	การ์ดการตั้งค่า
158	การ์ดพื้นฐาน
159	ยกขึ้นเมื่อชี้พร้อมเงาที่เข้มขึ้น
160	การ์ดที่มีพื้นที่ชื่อเรื่องแยกต่างหาก
161	การ์ดเรียบง่าย
162	การ์ดมาตรฐาน
163	การ์ดและคอนเทนเนอร์
164	การ์ดชื่อเรื่อง
165	แนวตั้งพร้อมปุ่ม
166	แนวนอนพื้นฐาน (5 จุด)
167	Carousel + PipsPager - ภาพสไลด์แบบรวมพร้อมตัวบ่งชี้หน้า
168	ภาพสไลด์เลื่อนมาตรฐาน
169	effect_slide + แนวตั้ง
170	แนวนอน (ค่าเริ่มต้น)
171	แนวตั้ง (orientation: Qt.Vertical)
172	พร้อมปุ่ม (แสดงตลอด)
173	ซิงค์ PipsPager ภายนอก + วนซ้ำ
174	ภาพสไลด์และตัวบ่งชี้หน้า
175	effect_slide (แนวนอน)
176	Carousel - ทิศทางแนวนอน/แนวตั้ง + ซิงค์ PipsPager ภายนอก
177	ตัวบ่งชี้หน้า (PipsPager)
178	Carousel - เอฟเฟ็กต์: effect_slide (เลื่อนทั้งภาพโดยไม่เห็นด้านข้าง)
179	ภาพสไลด์ที่เห็นภาพข้างเคียงบางส่วน
180	แนวตั้งพื้นฐาน (4 จุด)
181	HorizontalPipsPager / VerticalPipsPager - ปุ่มหน้า, จำกัดจำนวนที่มองเห็น และเลื่อนอย่างลื่นไหล
182	ผลิตภัณฑ์ C
183	แผนภูมิเรดาร์
184	ผลิตภัณฑ์ D
185	แผนภูมิกระจาย
186	ผลิตภัณฑ์ B
187	แผนภูมิโดนัท
188	อันดับยอดขาย
189	แผนภูมิโดนัท - เน้นตรงกลาง
190	แผนภูมิกล่อง
191	คอมโพเนนต์แผนภูมิ
192	แผนภูมิแท่งแนวนอน
193	รูปคลื่นเสียง (AudioWaveform)
194	แผนภูมิเส้น
195	แผนภูมิกล่อง - พร้อมค่าผิดปกติ
196	แผนภูมิพื้นที่ซ้อน
197	ผลิตภัณฑ์ A
198	ผลิตภัณฑ์ E
199	แผนภูมิแท่ง
200	แผนภูมิวงกลม
201	เค้าโครง (mode=mode_default) - การสลับโหมด FlowLayout ภายใน
202	คอมโพเนนต์เค้าโครง
203	โหมดแนวตั้ง: องค์ประกอบลูกทั้งหมดมีความกว้างเท่ากัน (แบ่งความกว้างคอลัมน์เท่า ๆ กัน)
204	วางไฟล์
205	แนวนอน (ความสูงเท่ากัน)
206	ลง
207	ขวา
208	แนวตั้ง (ความกว้างเท่ากัน)
209	ขยายจากด้านบน
210	การแก้ไขข้อผิดพลาดระดับสูง
211	รายการเลื่อน<SP>
212	ไลบรารีคอมโพเนนต์ PrismQML
213	ลิ้นชัก
214	ปิด
215	เค้าโครงแบบไหล
216	เนื้อหาด้านล่าง
217	ลิ้นชักด้านบน
218	โหมดแนวนอน: องค์ประกอบลูกทั้งหมดในแถวมีความสูงเท่ากัน (ความสูงสูงสุดของแถว)
219	เอกสารลับ
220	ขยายจากด้านขวา
221	ค่าเริ่มต้น
222	ขยายจากด้านซ้าย
223	ลิ้นชักด้านล่าง
224	ลิ้นชักด้านขวา
225	เนื้อหาแบบกลุ่ม
226	ตัวแบ่ง
227	คิวอาร์โค้ด
228	ลายน้ำ
229	สลับโหมด:
230	ชื่อกลุ่ม
231	ลิ้นชักนอกหน้าต่าง
232	เนื้อหาด้านบน
233	เส้นแบ่ง
234	ขยายจากด้านล่าง
235	ขึ้น
236	คอมโพเนนต์การเลื่อน
237	กล่องกลุ่ม
238	ซ้าย
239	ลิ้นชักด้านซ้าย
240	คอมโพเนนต์คอนเทนเนอร์
241	โหมดค่าเริ่มต้น: รักษาขนาดเดิมขององค์ประกอบลูกแต่ละรายการและตัดบรรทัดอัตโนมัติ
242	ธีม: คลาสสิก, ฟ้าอมเขียว, อำพัน, แดง, ม่วง, น้ำเงิน, ขาว, ชมพู, ทอง, ไลม์, ส้ม, เขียวน้ำทะเล, นีออน, พระอาทิตย์ตก, มหาสมุทร, ป่า, เที่ยงคืน
243	→ ขวา
244	ทิศทาง
245	โหมดสายรุ้ง
246	ชุดอักขระ
247	✓ กะพริบ
248	หยุดชั่วคราว/ทำต่อ
249	ความเร็ว:<SP>
250	✓ เรืองแสง
251	↓ ลง
252	ค่าชุดอักขระสำเร็จรูป: ญี่ปุ่น, คาตาคานะ, ไบนารี, ตัวเลข, ฐานสิบหก, จีน, สัญลักษณ์, ASCII, กรีก, รูน
253	เมธอด: start(), stop(), pause(), resume(), toggle(), reset(), setTheme(name), setDirection(dir), setCharsetPreset(preset), setCustomCharset(chars), enableGlow(intensity), disableGlow(), enableFlicker(rate), disableFlicker(), enableInteraction(radius), disableInteraction(), enableRainbow(), disableRainbow(), setPerspective(value), configure(options)
254	✓ โหมดสายรุ้ง
255	รอยตาม:<SP>
256	คุณสมบัติ: running, paused, speed, fontSize, density, fadeSpeed, direction, mainColor, headColor, backgroundColor, charset, charsetPreset, glowEnabled, glowIntensity, flickerEnabled, flickerRate, perspective, interactive, interactionRadius, rainbowMode
257	ทำงาน
258	ความหนาแน่น:<SP>
259	แบบอักษร:<SP>
260	✓ โต้ตอบด้วยเมาส์
261	← ซ้าย
262	MatrixRain - เอฟเฟ็กต์ฝนดิจิทัล
263	เรืองแสง
264	คุณสมบัติและเมธอดของคอมโพเนนต์
265	มุมมอง 3 มิติ
266	ฝนดิจิทัลสไตล์ Matrix แบบคลาสสิกพร้อมตัวเลือกการตั้งค่ามากมาย
267	รีเซ็ต
268	กะพริบ
269	ธีมสี
270	✓ มุมมอง 3 มิติ
271	↑ ขึ้น
272	โต้ตอบด้วยเมาส์
273	ผลลัพธ์: ยกเลิก
274	Flyout แบบดรอปดาวน์
275	มีเฉพาะปุ่ม OK
276	สำเร็จ
277	Flyout - แอนิเมชัน 6 แบบ: pullUp/dropDown/slideLeft/slideRight/fadeIn/none + โหมดโมดัล
278	คอมโพเนนต์ป๊อปอัปอื่น
279	ปล่อยกระดาษโปรย
280	คลิกโอเวอร์เลย์เพื่อปิด
281	ข้อผิดพลาด
282	ดำเนินการไม่สำเร็จ
283	นี่คือเนื้อหาตัวอย่างสำหรับกล่องโต้ตอบไร้ขอบ สามารถใส่ข้อความกำหนดเองใด ๆ ที่นี่เพื่อสาธิตชื่อ เนื้อหา และรูปแบบปุ่มของกล่องโต้ตอบ
284	ตัวเลือกพิเศษ - เค้าโครงแนวตั้ง/เนื้อหากำหนดเอง/ระบุหน้าจอโดยตรง
285	นี่คือกล่องโต้ตอบไร้ขอบ
286	โครงร่างโปรไฟล์แบบวงกลม
287	เลื่อนเข้าจากด้านขวา
288	การแจ้งเตือน Toast บนเดสก์ท็อป (หน้าต่างแยก) - บนซ้าย/บนกลาง/บนขวา/ล่างซ้าย/ล่างกลาง/ล่างขวา
289	ขวา
290	ซ่อนยกเลิก
291	นี่คือข้อความ
292	ส่งสำเร็จ
293	ผลลัพธ์: OK
294	Flyout ดึงขึ้น
295	เลื่อนลง
296	การแจ้งเตือน InfoBar บนเดสก์ท็อป (หน้าต่างแยก) - บนซ้าย/บนกลาง/บนขวา/ล่างซ้าย/ล่างกลาง/ล่างขวา
297	ยืนยัน
298	ตำแหน่งบนขวา
299	ล่าง
300	เลื่อนไปทางซ้าย
301	ตำแหน่งล่างขวา
302	Flyout
303	Flyout แบบค่อย ๆ ปรากฏ
304	นี่คือ ToolTip
305	ดึงขึ้น
306	TeachingTip
307	โปรดทราบ
308	คำแนะนำแบบไม่เป็นโมดัล
309	ตำแหน่งบนกลาง
310	ซ้าย
311	บน
312	เลื่อนไปทางขวา
313	โครงร่าง
314	คอมโพเนนต์สถานะ
315	เปิดโฟลเดอร์
316	คุณแน่ใจหรือว่าต้องการดำเนินการนี้?
317	แอนิเมชันกระดาษโปรย
318	ตำแหน่งล่างซ้าย
319	กล่องข้อความ
320	บทแนะนำ
321	เลือกข้อความนี้เพื่อคัดลอก: PrismQML เป็นไลบรารีคอมโพเนนต์ QML
322	ลูกศรลง
323	StateWidget (คอมโพเนนต์สถานะแบบรวมที่แยกด้วย stateType)
324	กล่องโต้ตอบนี้มีเฉพาะปุ่ม OK
325	โปรดรออย่างใจเย็น...
326	กล่องยืนยัน
327	คัดลอกได้
328	กล่องโต้ตอบไร้ขอบ
329	ตำแหน่งบนซ้าย
330	เนื้อหาที่คัดลอกได้
331	คำเตือน
332	ตัวบ่งชี้ความคืบหน้า
333	โครงร่างโปรไฟล์แบบสี่เหลี่ยม
334	ชี้เมาส์
335	ตำแหน่งล่างกลาง
336	คอมโพเนนต์การตอบกลับ
337	ลูกศรซ้าย
338	ลูกศรขึ้น
339	ผลลัพธ์: ไม่มีการทำงาน
340	ไม่เป็นโมดัล
341	กล่องโต้ตอบ
342	Toast - บนซ้าย/บนกลาง/บนขวา/ล่างซ้าย/ล่างกลาง/ล่างขวา
343	ลูกศรขวา
344	ลากได้
345	เลื่อนเข้าจากด้านซ้าย
346	InfoBar - บนซ้าย/บนกลาง/บนขวา/ล่างซ้าย/ล่างกลาง/ล่างขวา
347	ซ่อนปุ่มยกเลิก
348	กำลังเตรียมงานดาวน์โหลด...
349	TeachingTip - คำแนะนำพร้อมลูกศร (anchor_bottom/top/left/right...)
350	คำแนะนำ
351	ค่อย ๆ ปรากฏ
352	ไม่ปิดอัตโนมัติ
353	กล่องโต้ตอบที่ลากได้
354	คลิกโอเวอร์เลย์เพื่อปิดกล่องโต้ตอบนี้
355	กระดาษโปรย (แสดงในหน้าต่างหลัก)
356	คัดลอกเนื้อหาได้
357	ลองลากกล่องโต้ตอบนี้
358	เริ่มทัวร์แนะนำ
359	การตั้งค่าการแจ้งเตือน
360	ขั้นตอน 2
361	ขั้นตอน 1
362	ทัวร์แนะนำ TeachingTour
363	แก้ไขรูปประจำตัวและข้อมูลส่วนตัวของคุณที่นี่
364	โปรไฟล์
365	เลือกการแจ้งเตือนที่ต้องการรับที่นี่
366	โอเวอร์เลย์เต็มหน้าต่างจะเน้นพื้นที่เป้าหมายและรองรับ ถัดไป เสร็จสิ้น และข้าม
367	ชื่อสมาชิก enum
368	โค้ด Python
369	ค้นหาไอคอน
370	ชื่อไอคอน
371	เว็บ
372	อนุญาตปุ่มเดียว (allowSingleKey)
373	เพิ่มแท็ก...
374	การเลือกแบบดรอปดาวน์
375	การเลือกหลายรายการแบบผสม
376	ด่วน
377	ตัวเลือก B
378	แนวตั้ง
379	เลือกหลายรายการ 21
380	เลือกหลายรายการ 28
381	ชื่อผู้ใช้
382	เซินเจิ้น
383	เลือกหลายรายการ 11
384	ตัวเลือกปฏิทิน
385	หน้าหลัก
386	เวินโจว
387	เลือกหลายรายการ 25
388	เอกสาร
389	เลือกหลายรายการ 10
390	เลือกหลายรายการ 12
391	เซี่ยงไฮ้
392	เลือกหลายรายการ 9
393	ฝอซาน
394	เจียซิง
395	เลือกหลายรายการ 6
396	เลือกหลายรายการ 27
397	หางโจว
398	ตัวเลือก 5
399	ช่องป้อนข้อมูลพิเศษ
400	หนิงโป
401	เลือกหลายรายการ 15
402	ตัวเลือก 4
403	เลือกหลายรายการ 17
404	ค้นหา
405	เลือกหลายรายการ 4
406	เลือกหลายรายการ 13
407	อู่ฮั่น
408	เซี่ยงไฮ้
409	ปุ่มผสม (ค่าเริ่มต้น)
410	แนวนอน
411	ตัวกรอง
412	เลือกหลายรายการ 2
413	ตัวเลือก A
414	มณฑลเจ้อเจียง
415	เลือกสีพื้นหลัง
416	ป้อนข้อความ
417	อย่างน้อย 2 อักขระ คั่นด้วยจุลภาค
418	จีนตอนใต้
419	ตัวเลือก 9
420	นำไปใช้
421	ปักกิ่ง
422	ทดสอบ
423	ตัวเลือกสี
424	แท็ก 1
425	ซูโจว
426	ShortcutEditor (allowSingleKey: ป้อนปุ่มเดียว / ป้อนปุ่มผสม)
427	เลือกหลายรายการ 22
428	เซินเจิ้น
429	วันที่
430	เลือกหลายรายการ 14
431	จีนตะวันออก
432	ตัวเลือก 10
433	เลือกหลายรายการ 29
434	เลือกหลายรายการ 20
435	ตัวเลือก 8
436	ป้อนเมือง...
437	คอมโพเนนต์ป้อนข้อมูล
438	กว่างโจว
439	ไอคอน + ข้อความ
440	เขตหวงผู่
441	กว่างโจว
442	เวลา
443	แท็ก 2
444	เลือกหลายรายการ 26
445	ไอคอนเท่านั้น
446	หนานจิง
447	ตัวควบคุมเปิด/ปิด
448	จูไห่
449	DateTimePicker - ตัวเลือกแบบวงล้อที่รวมเป็นหนึ่งพร้อมแปลภาษาอัตโนมัติ
450	รูปแบบ 12 ชั่วโมง
451	รหัสผ่าน
452	เส้าซิง
453	ข้อความคำอธิบาย
454	แถบเลื่อน
455	หางโจว
456	ตัวเลือก 6
457	มณฑลเจียงซู
458	ตัวเลือกวันที่และเวลา
459	ScrollBar (แนวตั้ง/แนวนอน)
460	เปิดกล่องโต้ตอบสี
461	เลือกหลายรายการ 16
462	ตงก่วน
463	<b>รองรับ</b> การแสดง <i>ข้อความแบบจัดรูปแบบ</i>
464	เวลา (วินาที)
465	เลือกหลายรายการ 23
466	เลือกหลายรายการ 18
467	เสร็จสิ้น
468	ตัวเลือก 7
469	วิดีโอ
470	โปร่งใส 2
471	วันที่ + เวลา
472	หนานจิง
473	เลือกหลายรายการ 8
474	สีที่เลือก:
475	เลือกหลายรายการ 19
476	ทดสอบ 2
477	เลือกหลายรายการ 3
478	เลือกหลายรายการ 30
479	ป้อนตัวเลข
480	เฉิงตู
481	รูปภาพ
482	เลือกหลายรายการ 7
483	โปร่งใส 1
484	ตัวเลือกปุ่มลัด
485	โปรดเลือก
486	เพลง
487	แถบเลื่อนแบบลื่นไหล
488	มาตรฐาน
489	ป้ายขอบสี
490	ซีอาน
491	เลือกหลายรายการ 24
492	เขตใหม่ผู่ตง
493	ฉงชิ่ง
494	เลือกหลายรายการ 5
495	มณฑลกวางตุ้ง
496	เลือกหลายรายการ 1
497	เขตสวีฮุ่ย
498	ข้อความเท่านั้น
499	อู๋ซี
500	ข้อความสนับสนุน
501	ป้ายกำกับและป้ายจำนวน
502	ป้ายจำนวน
503	สีทึบ · เด้ง
504	ป้ายสถานะ
505	รูปประจำตัว
506	เลือกแล้ว
507	ข้อความ
508	เนื้อความตัวหนา
509	แนวนอน · ไล่ระดับสี · ปกติ
510	ป้ายกำกับ ป้ายจำนวน ชิป และแท็ก
511	ชื่อรอง
512	สีทึบ · ปกติ
513	ป้ายข้อความ
514	ข้อความไฮเปอร์ลิงก์
515	ไล่ระดับสี · เด้ง
516	แนวนอน · สีทึบ · เด้ง
517	ชื่อเรื่อง
518	ตัวบ่งชี้/แถบเน้นแบบเคลื่อนไหว - colorStyle × animationStyle × orientation; คลิกการ์ดเพื่อสลับสถานะใช้งาน
519	เนื้อความ
520	ชื่อเรื่องขนาดใหญ่
521	แท็กชิปที่สลับได้
522	ข้อมูล
523	ไล่ระดับสี · ปกติ
524	ไม่มีปุ่มปิด
525	Badge - คอมโพเนนต์ป้ายจำนวนแบบรวม
526	Avatar / AvatarSelector - source (รูปภาพ) / ข้อความ / ขนาด
527	จาง
528	แนวนอน · ไล่ระดับสี · เด้ง
529	ตัวบ่งชี้หน้า
530	ลบรายการปัจจุบัน
531	พื้นฐาน (5 จุด)
532	ราคา
533	เมนูและรายการ
534	พัฒนาคอมโพเนนต์หน้าหลัก
535	ออกแบบการโต้ตอบ
536	ผู้จัดการโครงการ
537	คลิกรูปภาพเพื่อทดสอบสัญญาณ clicked
538	ล้างทั้งหมด
539	รายการ<SP>
540	ฝ่ายวิศวกรรม
541	แท็ก 3
542	ข้อความเลื่อน
543	พัฒนาธุรกิจ
544	แท็กที่ปิดแล้ว<SP>
545	ตรวจสอบความต้องการและแบบจำลองการออกแบบให้เสร็จ
546	เปลี่ยนข้อความ
547	นักวิเคราะห์ข้อมูล
548	วาง
549	ตัด
550	ฝ่ายผลิตภัณฑ์
551	เนื้อหาแบบไดนามิก
552	ปิดใช้งาน
553	ผลิตภัณฑ์
554	เขียนการทดสอบหน่วย
555	จำนวน
556	รายการสิ่งที่ต้องทำ
557	สถานะ
558	คัดลอก
559	เนื้อหา 2
560	แก้ไขแล้ว
561	ข้อความเลื่อน - การสาธิตไลบรารีคอมโพเนนต์ PrismQML
562	การทำงานกับเนื้อหา
563	ส่งตรวจสอบโค้ด
564	พันธมิตรช่องทาง
565	เพิ่มแท็ก
566	รายการในลิสต์
567	แสดงข้อมูล
568	รูปถ่าย
569	แท็กใหม่
570	ทีมประกันคุณภาพ
571	สัญญาณ clicked ทำงานแล้ว!
572	คอมโพเนนต์รูปภาพ
573	เมนูบริบท
574	กำหนดการวันนี้
575	ทีมออกแบบ
576	คลิกขวาที่พื้นที่นี้
577	ความต้องการ.md
578	บันทึกการประชุม.pdf
579	ส่งเสริมแบรนด์
580	แท็บ
581	เนื้อหา 1
582	ดูรายการ<SP>
583	ทีม Backend
584	setTabText() แก้ไขข้อความแล้ว
585	สลับไปยังแท็บ<SP>
586	ContextMenu - เชื่อมกับเหตุการณ์คลิกขวาของคอมโพเนนต์แม่โดยอัตโนมัติ
587	สถานะ: ยังไม่ได้คลิก
588	ดำเนินงานแคมเปญ
589	ภาพหน้าจอ
590	ImageWidget - มุมโค้ง สถานะการโหลด และเหตุการณ์คลิก
591	clear() ล้างทั้งหมดแล้ว
592	มุมมองรายการ/ตาราง
593	ฝ่ายการตลาด
594	ไทม์ไลน์ · กราฟ Git (ตรวจสอบรอยต่อเมื่อปรับขนาดแบบเศษส่วน)
595	รีเซ็ต
596	ชื่อ
597	เพิ่มแท็กใหม่แล้ว
598	สถานะ API
599	ListView / TableView / TreeView - มุมมองระดับล่างที่ต้องใช้ delegate กำหนดเอง
600	addTab() เพิ่มแท็บแล้ว
601	removeTab() ลบแท็บแล้ว
602	แท็บแบบไดนามิก
603	โค้ด
604	เนื้อหา 3
605	ออกแบบภาพ
606	วิจัยผู้ใช้
607	รายงานการทำงาน.docx
608	คอมโพเนนต์รายการและตาราง
609	ทีมดำเนินงาน
610	เสร็จสมบูรณ์
611	PipsPager - ปุ่มหน้า จำกัดจำนวนที่มองเห็น และเลื่อนอย่างลื่นไหล
612	เปิดใช้งาน
613	ทีม Frontend
614	สร้างทีม.jpg
615	ทำซ้ำ
616	เส้นทางนำทางพร้อมไอคอน
617	ช่วยเหลือ 5
618	มุมมองแถบคำสั่ง
619	ข้อมูลบัญชี
620	ไฟล์
621	คำสั่งซื้อ
622	เมนูจุดไข่ปลาเมื่อเกิน (maxVisibleItems: 4)
623	คอมโพเนนต์การนำทาง
624	ไดเรกทอรีราก
625	ตัวแบ่งหน้า
626	ไดเรกทอรีระดับ 4
627	ใหม่
628	เกี่ยวกับ
629	ทั้งหมด
630	การชำระเงิน
631	ปัจจุบัน:<SP>
632	ไดเรกทอรีระดับ 3
633	เพิ่มระดับ
634	ตำแหน่งปัจจุบัน
635	การนำทางแบบเส้นทาง
636	ขึ้นหนึ่งระดับ
637	หน้าย่อย
638	เส้นทางพื้นฐาน
639	คอมโพเนนต์
640	โฟลเดอร์
641	แถบคำสั่ง
642	ช่วยเหลือ 4
643	เลิกทำ
644	การนำทางแบบเส้นทางพร้อมไอคอน
645	เพิ่มรูปภาพ
646	เพิ่มหน้าย่อย
647	StackedWidget - สลับชนิดแอนิเมชันผ่าน animationType
648	บันทึก
649	แถบเมนู
650	ช่วยเหลือ
651	ไดเรกทอรีระดับ 1
652	การจัดส่ง
653	ถัดไป
654	แถบความคืบหน้าเป็นขั้นตอน
655	BreadcrumbBar - แอนิเมชันลื่นไหล รองรับไอคอน และตัวบ่งชี้สีธีม
656	คลิกรายการเส้นทางเพื่อทดสอบการย่อ
657	ช่วยเหลือ 2
658	เปิด
659	ไดเรกทอรีระดับ 2
660	ก่อนหน้า
661	ช่วยเหลือ 3
662	ระดับลึก
663	Stepper - รองรับไอคอนและข้อความ
664	ตัวควบคุมแบบแบ่งส่วน/เปิดปิด
665	StackedWidget (enum animationType)
666	เมื่อมีมากกว่าสี่รายการ รายการตรงกลางจะยุบเข้าเมนูจุดไข่ปลาโดยอัตโนมัติ
667	ตะกร้าสินค้า
668	การ์ดตั้งค่าสี (ขยายได้)
669	ความทึบ
670	เลือกภาษาที่แสดง
671	ใช้ธีม
672	สีเน้น
673	การ์ดตั้งค่ากล่องคอมโบ
674	เงา DWM แบบเนทีฟ
675	การปรับแต่งส่วนบุคคล
676	การ์ดตั้งค่ารายการโฟลเดอร์ (ขยายได้)
677	ตามระบบ
678	ปรับความทึบของหน้าต่าง
679	การ์ดตั้งค่าตัวเลือก (ขยายได้)
680	การตั้งค่าหน้าต่าง
681	ดูความช่วยเหลือออนไลน์
682	การปรับขนาด DPI
683	เงาหน้าต่าง Windows แบบเนทีฟ
684	เลือกสี
685	ภาษาส่วนติดต่อ
686	โหมดธีม
687	เพิ่มโฟลเดอร์
688	เอฟเฟ็กต์ Mica
689	บันทึกการกำหนดค่าปัจจุบัน
690	ดูข้อมูลซอฟต์แวร์
691	การ์ดตั้งค่าเปิด/ปิด
692	ตั้งปุ่มลัดส่วนกลาง
693	ชนิดหน้าต่าง
694	Windows 11 เท่านั้น
695	พฤติกรรมเมื่อเริ่มทำงาน
696	สีกำหนดเอง
697	ธีม
698	เปิดตรวจสอบอัปเดตอัตโนมัติ
699	สีธีม
700	เอกสารช่วยเหลือ
701	ระดับเสียง
702	จัดการโฟลเดอร์ไลบรารีเพลง
703	เปิด
704	การ์ดตั้งค่าปุ่มหลัก
705	การ์ดตั้งค่าปุ่ม
706	แสดงหน้าต่างหลัก
707	การตั้งค่าแอปพลิเคชัน
708	มืด
709	สว่าง
710	เลือกสีค่าเริ่มต้นหรือสีกำหนดเอง
711	สีค่าเริ่มต้น
712	คอมโพเนนต์การตั้งค่า
713	เลือกธีมส่วนติดต่อ
714	การ์ดตั้งค่าไฮเปอร์ลิงก์
715	ต้องเริ่มใหม่
716	โฟลเดอร์เพลง
717	ปรับระดับเสียงระบบ
718	บันทึกการตั้งค่า
719	การ์ดตั้งค่าแถบเลื่อน
720	โหลดเมื่อจำเป็น
721	เปิดเอกสาร
722	เอฟเฟ็กต์แอนิเมชัน
723	ปรับรูปลักษณ์แอปพลิเคชัน
724	มุมมอง
725	เปิดใช้แอนิเมชันส่วนติดต่อ
726	โหลดเนื้อหาหน้าเมื่อต้องการ
727	การ์ดตั้งค่าปุ่มลัด
728	ปุ่มลัด
729	คอนเทนเนอร์กลุ่มการ์ดตั้งค่า
730	ย่อไปยังถาดระบบ
731	เลือกพฤติกรรมแอปพลิเคชันเมื่อเริ่มทำงาน
732	คืนค่าสถานะก่อนหน้า
733	ทดสอบ: เพิ่มจุดตรวจพิกเซลสำหรับการเลื่อนแบบเศษส่วน
734	บำรุงรักษา: เริ่มต้นตัวอย่างกราฟคอมมิต
735	ปรับโครงสร้าง: จัดระเบียบโมเดลข้อมูลไทม์ไลน์
736	ผสาน feature/timeline
737	สไตล์: ปรับความหนาแน่นการแสดงผล Gallery
738	คุณสมบัติ: สร้างสาขา gallery
739	แก้ไข: ปรับพิกเซลขอบกราฟคอมมิต
740	กราฟ Git · DPI 150%
741	PrismQML Gallery
742	PrismQML Gallery (โฮสต์ C++)
