001	Значки
002	Загрузка компонентов...
003	Метки
004	Поля ввода
005	Меню
006	Контейнеры
007	Автообновление
008	Карусель
009	Эффекты
010	Обратная связь
011	Диаграммы
012	Кнопки
013	Загрузка
014	Настройки
015	Навигация
016	Карточки
017	Произошла ошибка
018	Операция выполнена
019	Требуется внимание
020	Информация
021	Обработка...
022	InfoBar
023	Кольцевой индикатор
024	Индикатор выполнения 60%
025	Обработка...
026	Четыре варианта прогресса Toast
027	Загрузка...
028	Синхронизация...
029	Отправка
030	Кольцевой индикатор 40%
031	Отправка...
032	Неопределённый индикатор выполнения
033	Синхронизация данных...
034	Обработка
035	Подождите...
036	Режим прогресса InfoBar
037	Четыре варианта прогресса InfoBar
038	Синхронизация
039	Неопределённый кольцевой индикатор
040	Индикатор выполнения
041	Режим прогресса Toast
042	Загрузка
043	Загрузка файлов...
044	Недопустимый путь к установщику DRY
045	Демонстрация DRY завершена: передача тихой установке смоделирована; файлы не загружались, установщик не запускался
046	DRY: моделирование проверки обновлений...
047	DRY: имитация загрузки<SP>
048	- Имитировать ход загрузки от 0% до 100%<NL>
049	- Имитировать передачу тихой установке Inno Setup без создания файлов и запуска программ
050	Режим DRY не открывает внешние страницы
051	DRY: имитация загрузки завершена; передача установке
052	- Показать настоящий диалог подтверждения обновления<NL>
053	Идёт имитация загрузки DRY
054	DRY: подготовка имитации загрузки
055	Недопустимый токен загрузки DRY
056	DRY: не удалось передать установке
057	DRY: не удалось передать установке с двумя слотами
058	DRY: подготовка двух слотов завершена; автоматическое переключение при следующем запуске
059	DRY: подготовка неактивного слота в фоновом режиме
060	DRY: найдена демонстрационная версия; ожидание подтверждения
061	Демонстрация DRY выполняется
062	## Демонстрационное обновление DRY<NL><NL>
063	, ожидание подтверждения
064	Показывает проверку, подтверждение, ход загрузки, фоновую запись в неактивный слот и переключение при следующем запуске; сеть не используется, файлы не создаются, установщик не запускается.
065	Toast в правом нижнем углу
066	2. Использовать настоящий UpdateDialog для показа примечаний и подтверждения «Загрузить и установить»
067	Использовать настоящий Updater, внедрённый Gallery, для проверки Releases; этот режим может обращаться к сети и открывать страницу релиза.
068	Последнее обнаружение:
069	3. Показывать неопределённый или определённый ход загрузки через Toast либо ProgressDialog
070	Пользователь видит настоящие диалоги и ход выполнения, но побочных эффектов установки не возникает.
071	Режим настоящего Release
072	Демонстрация загрузки и установки DRY
073	Текущая версия:
074	Демонстрационный режим DRY (безопасная имитация)
075	Последнее обнаружение: нет
076	Процесс обновления
077	Моделирование проверки...
078	Gallery наглядно показывает, как фасадный компонент координирует нижележащие Updater, UpdateDialog и заменяемый вывод обратной связи.
079	Найдена новая версия<SP>
080	Запустить демонстрацию DRY
081	Загрузка подтверждена<SP>
082	Фоновая подготовка...
083	1. Проверить GitHub Releases и сравнить с текущей версией
084	Источник демонстрации:
085	2. При обнаружении новой версии показать примечания к выпуску и диалог подтверждения
086	Проверить обновления
087	Не настроено
088	4. В режиме двух слотов заменить неактивный слот в фоне и переключиться на новую версию при следующем запуске
089	Уже установлена последняя версия<SP>
090	Репозиторий:
091	Настоящий режим недоступен: Gallery не внедрил appUpdater
092	Настоящий режим: проверка ещё не выполнялась
093	1. Имитировать проверку и вернуть демонстрационную версию
094	3. Использовать настоящий Toast или ProgressDialog для продвижения имитации до 100%
095	Ошибка проверки:
096	Режим DRY: ожидание запуска демонстрации
097	4. Имитировать фоновую замену неактивного слота через Inno Setup; продолжить работу этой версии и переключиться при следующем запуске
098	Настоящий процесс обновления через GitHub Releases
099	DRY: найдена демонстрационная версия<SP>
100	Для настоящего режима Release должен содержать установочный файл для текущей платформы.
101	Проверка...
102	Button — сочетания ToolButton и функций
103	Изменить
104	Только текст (Push)
105	Сочетание со значком (Badge)
106	Button — кнопки обратного отсчёта во всех стилях
107	Сочетание стиля и функции (indeterminate_ring)
108	Удалить
109	Button — стили ToolButton (6)
110	Действие Б
111	Сочетания Style, Pill и Dropdown/Split
112	Отправить код подтверждения
113	Только значок → стиль ToolButton; текст или значок с текстом → стиль PushButton
114	Меню:
115	Button — стиль × форма Pill × функция прогресса
116	Button — варианты Filled: без фона, текст цвета состояния
117	Вариант 2
118	Button — формы (2)
119	Сочетания Style, Pill и Toggle
120	Действие А
121	Выбрано:
122	Нажата основная кнопка внешнего меню
123	Нажата основная кнопка
124	Вариант 3
125	Сочетание стиля и функции (progress_bar)
126	Button — уровни состояния Filled (6)
127	Свойства
128	Вариант 1
129	Сочетания стиля и формы
130	Button — автоматическое определение типа
131	Сочетание стиля и функции (indeterminate_bar)
132	Button — функции (9)
133	Button — стиль × форма Pill × функция dropdown/split
134	Внешнее действие 2
135	Сочетание стиля и функции (toggle)
136	Button — уровни состояния Text (6)
137	Значок и текст (Push)
138	Сочетание стиля и функции (split)
139	Внешнее меню
140	Сочетание стиля и функции (countdown)
141	Сочетание стиля и функции (progress_ring)
142	Только значок и функция
143	Внешнее действие 1
144	Button — 7 стилей × форма Pill × функция toggle
145	Кнопки только со значком автоматически распознаются как ToolButton
146	Сочетание стиля и функции (dropdown)
147	Button — стили (6)
148	Только значок (Tool)
149	Сочетания формы (Pill) и функций
150	Сочетания Style, Pill и Progress
151	Без эффекта при наведении
152	Карточка с наведением
153	Особая карточка
154	При наведении меняет цвет, не приподнимаясь
155	Нажмите, чтобы развернуть
156	Развёрнутое содержимое
157	Карточка настроек
158	Базовая карточка
159	При наведении приподнимается с усиленной тенью
160	Карточка с отдельной областью заголовка
161	Простая карточка
162	Стандартная карточка
163	Карточки и контейнеры
164	Карточка с заголовком
165	Вертикальная с кнопками
166	Базовая горизонтальная (5 точек)
167	Carousel + PipsPager — единая карусель с индикаторами страниц
168	Стандартная скользящая карусель
169	effect_slide + вертикально
170	Горизонтально (по умолчанию)
171	Вертикально (orientation: Qt.Vertical)
172	С кнопками (всегда видимы)
173	Синхронизация с внешним PipsPager + зацикливание
174	Карусель и индикаторы страниц
175	effect_slide (горизонтально)
176	Carousel — горизонтальная/вертикальная ориентация + синхронизация с внешним PipsPager
177	Индикатор страниц (PipsPager)
178	Carousel — эффект effect_slide (сдвиг всего изображения без бокового предпросмотра)
179	Карусель с предпросмотром соседних элементов
180	Базовая вертикальная (4 точки)
181	HorizontalPipsPager / VerticalPipsPager — кнопки страниц, ограничение видимого количества и плавная прокрутка
182	Товар В
183	Лепестковая диаграмма
184	Товар Г
185	Точечная диаграмма
186	Товар Б
187	Кольцевая диаграмма
188	Рейтинг продаж
189	Кольцевая диаграмма — выделенный центр
190	Диаграмма размаха
191	Компоненты диаграмм
192	Горизонтальная столбчатая диаграмма
193	Звуковая волна (AudioWaveform)
194	Линейная диаграмма
195	Диаграмма размаха — с выбросами
196	Диаграмма с областями и накоплением
197	Товар А
198	Товар Д
199	Столбчатая диаграмма
200	Круговая диаграмма
201	Layout (mode=mode_default) — внутреннее переключение режима FlowLayout
202	Компоненты компоновки
203	Вертикальный режим: все дочерние элементы имеют одинаковую ширину (ширина столбца делится поровну)
204	Перетаскивание файла
205	Горизонтально (одинаковая высота)
206	Вниз
207	Вправо
208	Вертикально (одинаковая ширина)
209	Развернуть сверху
210	Высокий уровень коррекции ошибок
211	Элемент прокрутки<SP>
212	Библиотека компонентов PrismQML
213	Выдвижная панель
214	Закрыть
215	Поточная компоновка
216	Содержимое снизу
217	Верхняя панель
218	Горизонтальный режим: все дочерние элементы в строке имеют одинаковую высоту (максимальную высоту строки)
219	Конфиденциальный документ
220	Развернуть справа
221	По умолчанию
222	Развернуть слева
223	Нижняя панель
224	Правая панель
225	Сгруппированное содержимое
226	Разделитель
227	QR-код
228	Водяной знак
229	Переключение режима:
230	Заголовок группы
231	Панель за пределами окна
232	Содержимое сверху
233	Разделительная линия
234	Развернуть снизу
235	Вверх
236	Компоненты прокрутки
237	Групповая рамка
238	Влево
239	Левая панель
240	Компоненты-контейнеры
241	Режим по умолчанию: сохранять исходный размер каждого дочернего элемента и автоматически переносить строки
242	Темы: классическая, голубая, янтарная, красная, фиолетовая, синяя, белая, розовая, золотая, лаймовая, оранжевая, бирюзовая, неоновая, закат, океан, лес, полночь
243	→ Вправо
244	Направление
245	Радужный режим
246	Набор символов
247	✓ Мерцание
248	Пауза/продолжение
249	Скорость:<SP>
250	✓ Свечение
251	↓ Вниз
252	Предустановки набора символов: японский, катакана, двоичный, цифры, шестнадцатеричный, китайский, символы, ASCII, греческий, руны
253	Методы: start(), stop(), pause(), resume(), toggle(), reset(), setTheme(name), setDirection(dir), setCharsetPreset(preset), setCustomCharset(chars), enableGlow(intensity), disableGlow(), enableFlicker(rate), disableFlicker(), enableInteraction(radius), disableInteraction(), enableRainbow(), disableRainbow(), setPerspective(value), configure(options)
254	✓ Радужный режим
255	Шлейф:<SP>
256	Свойства: running, paused, speed, fontSize, density, fadeSpeed, direction, mainColor, headColor, backgroundColor, charset, charsetPreset, glowEnabled, glowIntensity, flickerEnabled, flickerRate, perspective, interactive, interactionRadius, rainbowMode
257	Запустить
258	Плотность:<SP>
259	Шрифт:<SP>
260	✓ Управление мышью
261	← Влево
262	MatrixRain — эффект цифрового дождя
263	Свечение
264	Свойства и методы компонента
265	Трёхмерная перспектива
266	Классический цифровой дождь в стиле Matrix с широкими возможностями настройки
267	Сбросить
268	Мерцание
269	Цветовая тема
270	✓ Трёхмерная перспектива
271	↑ Вверх
272	Управление мышью
273	Результат: отмена
274	Выпадающая панель
275	Только кнопка ОК
276	Успех
277	Flyout — 6 анимаций: pullUp/dropDown/slideLeft/slideRight/fadeIn/none + модальный режим
278	Другие всплывающие компоненты
279	Запустить конфетти
280	Нажмите на затемнение, чтобы закрыть
281	Ошибка
282	Операция не выполнена
283	Это пример содержимого диалога без рамки. Здесь можно разместить произвольный текст, чтобы показать заголовок, текст и расположение кнопок.
284	Особые параметры — вертикальная компоновка/пользовательское содержимое/явно заданный экран
285	Это диалог без рамки
286	Круглый скелетон профиля
287	Выдвижение справа
288	Уведомления Toast на рабочем столе (отдельное окно) — слева сверху/по центру сверху/справа сверху/слева снизу/по центру снизу/справа снизу
289	Вправо
290	Скрыть «Отмена»
291	Это сообщение
292	Успешно отправлено
293	Результат: ОК
294	Панель, выдвигающаяся вверх
295	Раскрытие вниз
296	Уведомления InfoBar на рабочем столе (отдельное окно) — слева сверху/по центру сверху/справа сверху/слева снизу/по центру снизу/справа снизу
297	Подтвердить
298	Положение справа сверху
299	Снизу
300	Сдвиг влево
301	Положение справа снизу
302	Всплывающая панель
303	Панель с появлением
304	Это ToolTip
305	Выдвинуть вверх
306	TeachingTip
307	Внимание
308	Немодальная подсказка
309	Положение по центру сверху
310	Слева
311	Сверху
312	Сдвиг вправо
313	Скелетон
314	Компоненты состояния
315	Открыть папку
316	Вы уверены, что хотите выполнить это действие?
317	Анимация конфетти
318	Положение слева снизу
319	Окно сообщения
320	Обучение
321	Выделите этот текст, чтобы скопировать: PrismQML — библиотека компонентов QML
322	Стрелка вниз
323	StateWidget (единый компонент состояния, различаемый по stateType)
324	В этом диалоге есть только кнопка ОК
325	Пожалуйста, подождите...
326	Окно подтверждения
327	Можно копировать
328	Диалог без рамки
329	Положение слева сверху
330	Копируемое содержимое
331	Предупреждение
332	Индикаторы выполнения
333	Квадратный скелетон профиля
334	Наведение
335	Положение по центру снизу
336	Компоненты обратной связи
337	Стрелка влево
338	Стрелка вверх
339	Результат: без действия
340	Немодальный
341	Диалог
342	Toast — слева сверху/по центру сверху/справа сверху/слева снизу/по центру снизу/справа снизу
343	Стрелка вправо
344	Можно перетаскивать
345	Выдвижение слева
346	InfoBar — слева сверху/по центру сверху/справа сверху/слева снизу/по центру снизу/справа снизу
347	Скрыть кнопку «Отмена»
348	Подготовка задачи загрузки...
349	TeachingTip — обучающая подсказка со стрелкой (anchor_bottom/top/left/right...)
350	Подсказка
351	Появление
352	Не закрывается автоматически
353	Перетаскиваемый диалог
354	Нажмите на затемнение, чтобы закрыть этот диалог
355	Конфетти (в главном окне)
356	Содержимое можно скопировать
357	Попробуйте перетащить этот диалог
358	Запустить ознакомительный тур
359	Настройки уведомлений
360	Шаг 2
361	Шаг 1
362	Ознакомительный тур TeachingTour
363	Здесь можно изменить аватар и личные данные.
364	Профиль
365	Здесь можно выбрать получаемые уведомления.
366	Полнооконное затемнение выделяет целевую область и поддерживает кнопки «Далее», «Готово» и «Пропустить»
367	Имя элемента перечисления
368	Код Python
369	Поиск значков
370	Имя значка
371	Веб
372	Разрешить одну клавишу (allowSingleKey)
373	Добавить метку...
374	Выбор из списка
375	Смешанный множественный выбор
376	Срочно
377	Вариант Б
378	Вертикально
379	Множественный выбор 21
380	Множественный выбор 28
381	Имя пользователя
382	Шэньчжэнь
383	Множественный выбор 11
384	Выбор календаря
385	Главная
386	Вэньчжоу
387	Множественный выбор 25
388	Документы
389	Множественный выбор 10
390	Множественный выбор 12
391	Шанхай
392	Множественный выбор 9
393	Фошань
394	Цзясин
395	Множественный выбор 6
396	Множественный выбор 27
397	Ханчжоу
398	Вариант 5
399	Особые поля ввода
400	Нинбо
401	Множественный выбор 15
402	Вариант 4
403	Множественный выбор 17
404	Поиск
405	Множественный выбор 4
406	Множественный выбор 13
407	Ухань
408	Шанхай
409	Сочетание клавиш (по умолчанию)
410	Горизонтально
411	Фильтр
412	Множественный выбор 2
413	Вариант А
414	Провинция Чжэцзян
415	Выбрать цвет фона
416	Текстовое поле
417	Не менее 2 символов, через запятую
418	Южный Китай
419	Вариант 9
420	Применить
421	Пекин
422	Тест
423	Выбор цвета
424	Метка 1
425	Сучжоу
426	ShortcutEditor (allowSingleKey: ввод одной клавиши / ввод сочетания клавиш)
427	Множественный выбор 22
428	Шэньчжэнь
429	Дата
430	Множественный выбор 14
431	Восточный Китай
432	Вариант 10
433	Множественный выбор 29
434	Множественный выбор 20
435	Вариант 8
436	Введите город...
437	Компоненты ввода
438	Гуанчжоу
439	Значок и текст
440	Район Хуанпу
441	Гуанчжоу
442	Время
443	Метка 2
444	Множественный выбор 26
445	Только значок
446	Нанкин
447	Переключатель
448	Чжухай
449	DateTimePicker — единый барабан выбора с автоматической локализацией
450	12-часовой формат
451	Пароль
452	Шаосин
453	Текст описания
454	Ползунок
455	Ханчжоу
456	Вариант 6
457	Провинция Цзянсу
458	Выбор даты и времени
459	ScrollBar (вертикальная/горизонтальная)
460	Открыть диалог выбора цвета
461	Множественный выбор 16
462	Дунгуань
463	<b>Поддерживает</b> отображение <i>форматированного текста</i>
464	Время (секунды)
465	Множественный выбор 23
466	Множественный выбор 18
467	Готово
468	Вариант 7
469	Видео
470	Прозрачный 2
471	Дата и время
472	Нанкин
473	Множественный выбор 8
474	Выбранный цвет:
475	Множественный выбор 19
476	Тест 2
477	Множественный выбор 3
478	Множественный выбор 30
479	Числовое поле
480	Чэнду
481	Изображения
482	Множественный выбор 7
483	Прозрачный 1
484	Выбор сочетания клавиш
485	Выберите
486	Музыка
487	Плавная полоса прокрутки
488	Стандартный
489	Метка с цветным контуром
490	Сиань
491	Множественный выбор 24
492	Новый район Пудун
493	Чунцин
494	Множественный выбор 5
495	Провинция Гуандун
496	Множественный выбор 1
497	Район Сюйхуэй
498	Только текст
499	Уси
500	Вспомогательный текст
501	Метки и значки
502	Значок
503	Сплошной цвет · отскок
504	Метка состояния
505	Аватар
506	Выбрано
507	Сообщения
508	Жирный основной текст
509	Горизонтально · градиент · обычно
510	Метки, значки, чипы, теги
511	Подзаголовок
512	Сплошной цвет · обычно
513	Текстовая метка
514	Текст гиперссылки
515	Градиент · отскок
516	Горизонтально · сплошной цвет · отскок
517	Заголовок
518	Анимированный индикатор/акцентная полоса — colorStyle × animationStyle × orientation; нажмите карточку, чтобы переключить состояние active
519	Основной текст
520	Крупный заголовок
521	Переключаемый чип-тег
522	Информация
523	Градиент · обычно
524	Без кнопки закрытия
525	Badge — единый компонент значка
526	Avatar / AvatarSelector — source (изображение) / text (текст) / size (размер)
527	Чжан
528	Горизонтально · градиент · отскок
529	Индикатор страниц
530	Удалить текущий
531	Базовый (5 точек)
532	Цена
533	Меню и списки
534	Разработать компоненты главной страницы
535	Проектирование взаимодействия
536	Руководитель проекта
537	Нажмите изображение, чтобы проверить сигнал clicked
538	Очистить всё
539	Элемент<SP>
540	Технический отдел
541	Метка 3
542	Прокручиваемый текст
543	Развитие бизнеса
544	Закрытая метка<SP>
545	Завершить анализ требований и макеты дизайна
546	Изменить текст
547	Аналитик данных
548	Вставить
549	Вырезать
550	Отдел продукта
551	Динамическое содержимое
552	Отключить
553	Товар
554	Написать модульные тесты
555	Количество
556	Задачи
557	Состояние
558	Копировать
559	Содержимое 2
560	Изменено
561	Прокручиваемый текст — демонстрация библиотеки компонентов PrismQML
562	Работа с содержимым
563	Отправить код на проверку
564	Партнёрские каналы
565	Добавить метку
566	Элемент списка
567	Отображение данных
568	Фотографии
569	Новая метка
570	Команда тестирования
571	Сигнал clicked сработал!
572	Компонент изображения
573	Контекстное меню
574	План на сегодня
575	Команда дизайна
576	Нажмите правой кнопкой в этой области
577	Требования.md
578	Заметки совещания.pdf
579	Продвижение бренда
580	Вкладки
581	Содержимое 1
582	Элемент представления<SP>
583	Команда серверной части
584	setTabText() изменил текст
585	Переключиться на вкладку<SP>
586	ContextMenu — автоматически привязывается к событию правого щелчка родительского компонента
587	Состояние: не нажато
588	Управление кампаниями
589	Снимки экрана
590	ImageWidget — скруглённые углы, состояние загрузки и события нажатия
591	clear() очистил всё
592	Списки и таблицы
593	Отдел маркетинга
594	Timeline · граф Git (проверка стыков при дробном масштабе)
595	Сбросить
596	Название
597	Новая метка добавлена
598	Состояние API
599	ListView / TableView / TreeView — низкоуровневые представления, требующие пользовательского delegate
600	addTab() добавил вкладку
601	removeTab() удалил вкладку
602	Динамические вкладки
603	Код
604	Содержимое 3
605	Визуальный дизайн
606	Исследование пользователей
607	Рабочий отчёт.docx
608	Компоненты списков и таблиц
609	Команда эксплуатации
610	Завершено
611	PipsPager — кнопки страниц, ограничение видимого количества и плавная прокрутка
612	Включить
613	Команда интерфейса
614	Командное мероприятие.jpg
615	Повторить
616	Навигационная цепочка со значками
617	Справка 5
618	Представление панели команд
619	Данные учётной записи
620	Файл
621	Заказы
622	Многоточие переполнения (maxVisibleItems: 4)
623	Компоненты навигации
624	Корневой каталог
625	Постраничная навигация
626	Каталог уровня 4
627	Создать
628	О программе
629	Все
630	Оплата
631	Текущее:<SP>
632	Каталог уровня 3
633	Добавить уровень
634	Текущее расположение
635	Навигационная цепочка
636	На уровень вверх
637	Вложенная страница
638	Базовая навигационная цепочка
639	Компоненты
640	Папка
641	Панель команд
642	Справка 4
643	Отменить
644	Навигационная цепочка со значками
645	Добавить изображение
646	Добавить вложенную страницу
647	StackedWidget — переключение типов анимации через animationType
648	Сохранить
649	Строка меню
650	Справка
651	Каталог уровня 1
652	Доставка
653	Далее
654	Индикатор этапов
655	BreadcrumbBar — плавная анимация, поддержка значков и индикатор цвета темы
656	Нажмите элемент цепочки, чтобы проверить сокращение
657	Справка 2
658	Открыть
659	Каталог уровня 2
660	Назад
661	Справка 3
662	Глубокий уровень
663	Stepper — поддерживает значки и текст
664	Сегментированные элементы/переключатели
665	StackedWidget (перечисление animationType)
666	Если элементов больше четырёх, средние автоматически сворачиваются в меню с многоточием
667	Корзина
668	Карточка настройки цвета (раскрываемая)
669	Непрозрачность
670	Выбрать язык интерфейса
671	Применить тему
672	Акцентный цвет
673	Карточка настройки списка
674	Нативная тень DWM
675	Персонализация
676	Карточка списка папок (раскрываемая)
677	Как в системе
678	Настроить непрозрачность окна
679	Карточка параметров (раскрываемая)
680	Настройки окна
681	Открыть онлайн-справку
682	Масштабирование DPI
683	Нативная тень окна Windows
684	Выбрать цвет
685	Язык интерфейса
686	Режим темы
687	Добавить папку
688	Эффект Mica
689	Сохранить текущую конфигурацию
690	Показать сведения о программе
691	Карточка переключателя
692	Задать глобальное сочетание клавиш
693	Тип окна
694	Только Windows 11
695	Поведение при запуске
696	Пользовательский цвет
697	Тема
698	Включить автоматическую проверку обновлений
699	Цвет темы
700	Справочная документация
701	Громкость
702	Управлять папками музыкальной библиотеки
703	Включено
704	Карточка основной кнопки
705	Карточка кнопки
706	Показать главное окно
707	Настройки приложения
708	Тёмная
709	Светлая
710	Выбрать цвет по умолчанию или пользовательский
711	Цвет по умолчанию
712	Компоненты настроек
713	Выбрать тему интерфейса
714	Карточка гиперссылки
715	Требуется перезапуск
716	Папки с музыкой
717	Настроить системную громкость
718	Сохранить настройки
719	Карточка ползунка
720	Ленивая загрузка
721	Открыть документацию
722	Эффекты анимации
723	Настроить внешний вид приложения
724	Вид
725	Включить анимацию интерфейса
726	Загружать содержимое страницы по требованию
727	Карточка сочетания клавиш
728	Сочетание клавиш
729	Групповой контейнер карточек настроек
730	Свернуть в область уведомлений
731	Выбрать поведение приложения при запуске
732	Восстановить предыдущее состояние
733	test: добавить пиксельный контроль дробной прокрутки
734	chore: инициализировать пример графа коммитов
735	refactor: упорядочить модель данных Timeline
736	Слить feature/timeline
737	style: настроить плотность отображения Gallery
738	feat: создать ветку gallery
739	fix: исправить пиксели границ графа коммитов
740	Граф Git · 150% DPI
741	PrismQML Gallery
742	PrismQML Gallery (хост C++)
